customer_id,first_name,last_name,date_of_birth,gender,marital_status,social_security_number,nationality,phone_number,email,street,city,state,country,zipcode,occupation,yearly_income,credit_score,username,password
1000,Mirella,Lindell,2/21/1975,Female,Married,458-55-6665,Creek,617-228-8090,mlindell0@wordpress.org,8604 Division Center,Brockton,Massachusetts,United States,2298,Project Manager,84039,819,mlindell0,QAvqEAuy5
1001,Massimiliano,Wincom,6/10/1985,Male,Married,124-57-4845,Guatemalan,781-673-9003,mwincom1@jugem.jp,0 Walton Road,Boston,Massachusetts,United States,2114,Recruiting Manager,137687,730,mwincom1,anvT4ZZKzR
1002,Austin,Besque,11/24/2007,Female,Single,273-87-7075,Cambodian,617-398-7611,abesque2@ask.com,0569 Debs Street,Boston,Massachusetts,United States,2458,Database Administrator II,49634,754,abesque2,aysKPGTERb
1003,Dara,Liley,2/13/2001,Female,Single,353-85-5016,Chamorro,857-691-3343,dliley3@newyorker.com,66 Loftsgordon Trail,New Bedford,Massachusetts,United States,2114,Office Assistant II,45974,808,dliley3,rNKxjdRn4
1004,Sibbie,Petruk,1/27/1976,Female,Single,330-51-4902,Venezuelan,978-343-3681,spetruk4@t.co,3093 Mendota Crossing,Brockton,Massachusetts,United States,2119,Recruiting Manager,131404,788,spetruk4,PeFNR0qk
1005,Finlay,Treneman,9/25/1975,Male,Single,879-62-3994,Chilean,508-791-8071,ftreneman5@reverbnation.com,3776 Kennedy Parkway,Boston,Massachusetts,United States,2405,Food Chemist,68970,795,ftreneman5,jIjeBTvneqCZ
1006,Glendon,Ponnsett,5/15/1968,Male,Single,537-80-7039,South American,318-476-5347,gponnsett6@google.pl,07 Declaration Street,Boston,Massachusetts,United States,2104,Food Chemist,98931,704,gponnsett6,nTz6kIaAyaCI
1007,Warner,Blazej,1/22/1958,Male,Single,773-91-6427,Vietnamese,617-768-0682,wblazej7@squidoo.com,64954 Merrick Street,Springfield,Massachusetts,United States,2298,Librarian,53707,611,wblazej7,JclkoIY2iS5Z
1008,Hilary,Tocknell,4/14/1972,Male,Married,403-72-5389,Bolivian,413-288-6872,htocknell8@rambler.ru,79143 Arapahoe Trail,Brockton,Massachusetts,United States,1114,Electrical Engineer,83967,661,htocknell8,rkDHQwrfbKs9
1009,Bevon,Oneil,7/5/1982,Male,Single,739-17-7191,Cambodian,781-772-8800,boneil9@latimes.com,8 Ludington Hill,Newton,Massachusetts,United States,2142,Staff Accountant IV,92532,810,boneil9,WtX6daEZ
1010,Pauletta,Letchford,12/3/2008,Female,Married,109-98-3453,Panamanian,857-190-0420,pletchforda@washingtonpost.com,68540 Fieldstone Center,Lynn,Massachusetts,United States,2458,Junior Executive,95889,562,pletchforda,h4sv0HV
1011,Kasey,Fontanet,4/30/1951,Female,Married,422-84-0972,Hmong,774-375-0192,kfontanetb@europa.eu,4444 Hermina Hill,Boston,Massachusetts,United States,1610,Chief Design Engineer,45981,552,kfontanetb,Y51UOUlJB
1012,Fidel,Mears,2/12/1998,Male,Married,797-73-2258,Cherokee,339-233-5562,fmearsc@wufoo.com,54 Oak Trail,Cambridge,Massachusetts,United States,1905,Research Assistant II,80564,751,fmearsc,UJf1HXcJ
1013,Demeter,Vinau,10/13/1995,Female,Married,181-78-1540,Pakistani,978-530-3587,dvinaud@ftc.gov,243 Novick Plaza,Woburn,Massachusetts,United States,2283,Pharmacist,65248,565,dvinaud,q8hbes6lHu
1014,Alyce,Eakins,1/27/1969,Female,Married,481-66-9802,White,781-161-3181,aeakinse@livejournal.com,30 Jana Court,Worcester,Massachusetts,United States,2114,Geologist IV,77549,796,aeakinse,CcFbzRU6Z2u
1015,Orly,McDunlevy,7/10/1960,Female,Single,880-32-1367,Seminole,508-550-7978,omcdunlevyf@army.mil,4 Russell Crossing,Woburn,Massachusetts,United States,2405,GIS Technical Architect,116695,687,omcdunlevyf,iypBwQvjnYE
1016,Merralee,Killelea,2/8/1981,Female,Married,433-54-4198,Bolivian,508-144-5570,mkilleleag@smh.com.au,253 Hoffman Hill,Springfield,Massachusetts,United States,2405,Nurse,106603,560,mkilleleag,Ynk9cHj
1017,Barbaraanne,Pitone,1/9/1960,Female,Married,108-32-4403,Thai,508-335-8338,bpitoneh@amazon.de,91474 Sherman Way,Boston,Massachusetts,United States,2745,Research Nurse,72776,774,bpitoneh,I4AnGqCl
1018,Antoni,Jaggard,10/11/1960,Male,Single,849-60-2817,White,617-346-3729,ajaggardi@google.com.au,6 Sycamore Way,Springfield,Massachusetts,United States,2208,Senior Editor,105846,576,ajaggardi,Xh2MARsed34
1019,Cyb,Lanigan,4/30/1955,Female,Single,642-90-3299,Osage,508-188-8863,claniganj@aboutads.info,1 Westridge Crossing,Boston,Massachusetts,United States,2405,Web Designer I,128523,591,claniganj,kO6qSETfLeIs
1020,Ike,Chasles,2/3/1959,Male,Married,272-80-1404,Bangladeshi,508-482-7743,ichaslesk@about.com,6 Morrow Lane,Brockton,Massachusetts,United States,1654,Structural Engineer,77049,823,ichaslesk,F8NIhM8Mi7
1021,Zed,Sammes,9/10/1950,Male,Single,415-48-7230,Uruguayan,617-712-8311,zsammesl@goo.gl,79490 Farragut Trail,Brockton,Massachusetts,United States,2203,Junior Executive,98465,763,zsammesl,5RMR7DulT
1022,Allistir,Stuckow,7/21/1973,Male,Single,853-31-8973,Cuban,508-362-0311,astuckowm@businesswire.com,2 Ramsey Crossing,Brockton,Massachusetts,United States,1610,Sales Associate,97633,664,astuckowm,BObyl0
1023,Genvieve,Drummer,6/9/2005,Female,Married,282-92-9294,Colville,617-132-7678,gdrummern@lulu.com,323 6th Way,Boston,Massachusetts,United States,2216,Librarian,79836,692,gdrummern,CeMUNbER19d
1024,Darwin,Roderick,4/1/1962,Male,Single,850-93-0410,South American,508-985-9628,drodericko@paypal.com,9 Southridge Court,Boston,Massachusetts,United States,2305,Sales Associate,54712,699,drodericko,dy8KXROF
1025,Immanuel,Malone,11/20/1962,Male,Single,652-52-5798,Native Hawaiian,413-477-7287,imalonep@yolasite.com,9550 Sunbrook Point,Worcester,Massachusetts,United States,1129,Payment Adjustment Coordinator,94762,718,imalonep,94MXJwhSmOwf
1026,Bernardina,Grishelyov,4/3/1987,Female,Married,882-57-3482,Tohono O'Odham,339-451-2214,bgrishelyovq@ebay.co.uk,0 Eastwood Street,New Bedford,Massachusetts,United States,1905,Actuary,42794,669,bgrishelyovq,nb5EuhFPCt
1027,Jemmy,MacGray,9/15/1966,Female,Married,668-63-4688,Paiute,508-409-2415,jmacgrayr@mashable.com,50 Carey Pass,Springfield,Massachusetts,United States,2305,Account Executive,133058,745,jmacgrayr,x5LuWp8UFl0
1028,Gavra,Ostrich,7/3/1987,Female,Married,710-12-4422,Asian Indian,508-693-1530,gostrichs@wsj.com,29629 Almo Court,Newton,Massachusetts,United States,2405,Sales Associate,116878,642,gostrichs,1t7kTrrYN
1029,Trixie,Schoffler,4/18/2004,Female,Single,817-50-7946,Crow,617-372-8952,tschofflert@etsy.com,5 Southridge Crossing,Woburn,Massachusetts,United States,2208,Registered Nurse,112280,837,tschofflert,kaCvXy4
1030,Estele,Antalffy,10/13/1999,Female,Married,164-11-6864,Pima,781-422-2472,eantalffyu@forbes.com,196 Upham Court,Newton,Massachusetts,United States,1905,Recruiting Manager,87761,792,eantalffyu,YmsKROsbQuP
1031,Darsey,Govey,8/8/2001,Female,Single,761-63-6100,Asian,413-874-6710,dgoveyv@tiny.cc,28340 Farwell Circle,Lynn,Massachusetts,United States,1105,Nurse,101533,710,dgoveyv,RRXUAKR
1032,Audy,Raddish,6/27/2003,Female,Single,561-95-1537,Cheyenne,508-279-2877,araddishw@purevolume.com,9343 Sutteridge Court,Brockton,Massachusetts,United States,1654,Technical Writer,112252,663,araddishw,nlkOQ4o1Nhy
1033,Bartlet,Edmundson,2/22/1987,Male,Single,729-56-6014,Costa Rican,617-466-0286,bedmundsonx@jigsy.com,43058 Westend Pass,Watertown,Massachusetts,United States,2298,Legal Assistant,49439,792,bedmundsonx,Eu5fW9CqbwJp
1034,Donalt,Purcell,4/14/1991,Male,Single,517-54-8307,Spaniard,508-802-9750,dpurcelly@is.gd,01 Reindahl Circle,Springfield,Massachusetts,United States,1654,Systems Administrator III,117499,785,dpurcelly,zSRGntwtB9
1035,Aurlie,Gentery,2/28/1992,Female,Married,644-25-9501,Malaysian,339-122-0171,agenteryz@cnet.com,8402 Heath Avenue,Boston,Massachusetts,United States,1813,Budget/Accounting Analyst III,107274,601,agenteryz,t4nzNuWryYM9
1036,Gretchen,Daile,2/10/1985,Female,Married,224-92-4111,Chilean,508-637-8385,gdaile10@tmall.com,0 Dapin Parkway,Boston,Massachusetts,United States,1605,Administrative Officer,73578,792,gdaile10,7rH000CvSE
1037,Sanford,Huard,7/7/2011,Male,Married,174-95-5739,Delaware,617-883-7001,shuard11@free.fr,52 Thompson Circle,Springfield,Massachusetts,United States,2216,Media Manager III,67132,731,shuard11,FK9OVYa
1038,Adler,Tejada,11/8/1969,Male,Single,641-81-6071,American Indian and Alaska Native (AIAN),508-372-9854,atejada12@weather.com,54494 Burrows Parkway,Worcester,Massachusetts,United States,2305,Help Desk Operator,131749,574,atejada12,FvBdEUcKZdO3
1039,Freemon,Bray,6/18/2004,Male,Married,403-88-5856,Chippewa,781-615-4071,fbray13@yahoo.co.jp,608 Onsgard Parkway,Boston,Massachusetts,United States,2142,Office Assistant III,98375,764,fbray13,l4vyfK1cv
1040,Lewie,Chatt,8/7/1991,Male,Married,699-08-2755,Osage,617-883-7978,lchatt14@wikispaces.com,85 Rutledge Terrace,Woburn,Massachusetts,United States,2124,Paralegal,35707,706,lchatt14,XjeGu86Qqa
1041,Isador,Kaindl,11/15/2001,Male,Single,803-28-2162,Navajo,508-339-2860,ikaindl15@salon.com,2 David Avenue,Springfield,Massachusetts,United States,2405,Compensation Analyst,84207,790,ikaindl15,iBCQfQz
1042,Meredith,Doberer,10/10/1976,Female,Single,546-04-6259,Chinese,508-817-1857,mdoberer16@alibaba.com,0973 Fairview Alley,Boston,Massachusetts,United States,2305,VP Sales,144856,701,mdoberer16,hVGOTHl
1043,Gery,Hasley,2/21/1957,Male,Single,785-02-7739,Puget Sound Salish,617-119-5137,ghasley17@geocities.jp,74588 Northview Alley,Brockton,Massachusetts,United States,2208,Administrative Officer,75251,814,ghasley17,asOqnc
1044,Sabra,Pinfold,12/31/1999,Female,Married,489-87-1473,Ottawa,617-507-5982,spinfold18@sciencedirect.com,43 Algoma Point,Boston,Massachusetts,United States,2124,Assistant Manager,45909,642,spinfold18,fGs3p6qzW4BM
1045,Dorry,Manwaring,2/15/1991,Female,Single,274-57-0689,Laotian,617-114-1053,dmanwaring19@newyorker.com,95 Jenifer Pass,Boston,Massachusetts,United States,2109,Recruiter,85456,561,dmanwaring19,hR51y1CWkONx
1046,Aldwin,Stonham,5/4/1982,Male,Single,681-21-0528,Peruvian,508-382-5186,astonham1a@sogou.com,12 Westend Plaza,Boston,Massachusetts,United States,1654,Assistant Manager,79822,771,astonham1a,aETnqWd
1047,Wandis,Lilly,10/27/1994,Female,Married,679-58-1971,Latin American Indian,978-111-9148,wlilly1b@4shared.com,1410 Hintze Drive,Boston,Massachusetts,United States,2283,Health Coach II,113757,659,wlilly1b,UuYVSKF2k
1048,Shawn,Hazeldene,11/20/1982,Male,Single,766-36-6464,Costa Rican,774-425-5297,shazeldene1c@si.edu,5 Hoard Avenue,Springfield,Massachusetts,United States,1610,Payment Adjustment Coordinator,104500,598,shazeldene1c,fTxLWqz
1049,Donnajean,Sampey,6/29/1984,Female,Married,215-68-2743,Yuman,413-150-7818,dsampey1d@walmart.com,79 Arrowood Circle,Boston,Massachusetts,United States,1152,Desktop Support Technician,97630,791,dsampey1d,GDkT9eJ
1050,Penelopa,Orpyne,10/13/1962,Female,Single,587-79-8125,Yuman,508-676-0660,porpyne1e@dagondesign.com,96 Lakewood Park,Woburn,Massachusetts,United States,2745,Account Representative III,130439,778,porpyne1e,pRW0YOtEuwg
1051,Paule,Melmar,3/2/1972,Female,Single,298-25-2632,Sri Lankan,617-300-8698,pmelmar1f@sakura.ne.jp,19 Sheridan Way,Boston,Massachusetts,United States,2298,Civil Engineer,95809,821,pmelmar1f,nOyQRS3nS
1052,Marshal,Seamen,3/7/1975,Male,Married,744-19-5410,Aleut,508-203-4264,mseamen1g@i2i.jp,87 Kennedy Drive,Brockton,Massachusetts,United States,2162,Marketing Manager,127599,743,mseamen1g,ph0RP3gy
1053,Elke,Segar,2/5/1981,Female,Single,537-94-7066,Latin American Indian,508-138-1703,esegar1h@facebook.com,5 Mallard Point,Springfield,Massachusetts,United States,2305,Physical Therapy Assistant,127847,808,esegar1h,Xq003uLw
1054,Julita,Given,9/27/1963,Female,Married,157-50-0130,Kiowa,339-598-6774,jgiven1i@google.fr,9343 Carey Circle,Boston,Massachusetts,United States,1813,Engineer III,67542,663,jgiven1i,u1d7PYzA
1055,Montgomery,Huncoot,4/24/1969,Male,Married,676-47-0450,Shoshone,617-964-6498,mhuncoot1j@unicef.org,858 Anhalt Street,Watertown,Massachusetts,United States,2208,Senior Sales Associate,96936,724,mhuncoot1j,6GGyJI20ySZJ
1056,Nanni,McSperrin,4/26/2006,Female,Married,675-31-4882,Fijian,617-265-2878,nmcsperrin1k@yandex.ru,72530 Everett Trail,Worcester,Massachusetts,United States,2203,Analyst Programmer,43936,712,nmcsperrin1k,Qp25MhI
1057,Briney,Jachimiak,1/19/1998,Female,Single,721-80-5214,Seminole,508-797-3123,bjachimiak1l@weibo.com,1884 Truax Street,Boston,Massachusetts,United States,2305,Dental Hygienist,126936,584,bjachimiak1l,fsIbmyxTs
1058,Hilarius,Fowell,5/21/2011,Male,Single,422-13-0945,Apache,508-441-2268,hfowell1m@disqus.com,9 Paget Pass,Watertown,Massachusetts,United States,2305,Research Assistant III,63072,721,hfowell1m,1tx0lPUxvQMo
1059,Gerry,Egre,2/8/1950,Male,Married,681-63-1870,Native Hawaiian,508-131-4217,gegre1n@merriam-webster.com,00 Kipling Place,Worcester,Massachusetts,United States,2745,Professor,48270,650,gegre1n,R5H42r
1060,Nat,Lambot,2/15/1990,Male,Married,517-34-5402,Osage,617-590-3083,nlambot1o@amazon.co.jp,8050 Monument Road,Lynn,Massachusetts,United States,2453,Internal Auditor,136062,648,nlambot1o,gFluRaT4
1061,Elisabet,Dinley,9/22/1987,Female,Single,839-09-2712,Guatemalan,508-520-5052,edinley1p@nba.com,94667 Pond Hill,Waltham,Massachusetts,United States,2162,Chief Design Engineer,122436,685,edinley1p,hplKmoOC2s
1062,Haywood,Hache,1/3/2007,Male,Single,448-51-9939,Malaysian,617-615-4885,hhache1q@cam.ac.uk,3480 Clarendon Avenue,Waltham,Massachusetts,United States,2283,Social Worker,44564,815,hhache1q,HJUzEcirze
1063,Joshua,Pettegre,12/26/1981,Male,Single,702-30-5066,Colombian,857-510-0389,jpettegre1r@cargocollective.com,96683 Moland Road,Newton,Massachusetts,United States,2142,Chief Design Engineer,119700,597,jpettegre1r,BlCekft1a
1064,Britt,Macci,8/31/1965,Female,Single,614-96-6546,Spaniard,617-477-8791,bmacci1s@technorati.com,10 Bunting Court,Springfield,Massachusetts,United States,2119,Staff Accountant I,136052,783,bmacci1s,kBiERpJ
1065,Augie,O'Sherrin,5/9/1956,Male,Single,405-66-6473,Delaware,617-185-9993,aosherrin1t@omniture.com,20 Golden Leaf Circle,Boston,Massachusetts,United States,2119,Payment Adjustment Coordinator,66225,661,aosherrin1t,NM61Xb
1066,Basia,Size,9/19/1989,Female,Single,562-19-0151,Potawatomi,617-971-3721,bsize1u@paypal.com,8 Southridge Court,Worcester,Massachusetts,United States,2453,Nurse Practicioner,113779,571,bsize1u,QUfxINk8Mw
1067,Briny,Dimanche,1/2/2008,Female,Single,495-55-0807,Mexican,318-377-7041,bdimanche1v@jimdo.com,001 Crest Line Pass,Springfield,Massachusetts,United States,2104,Project Manager,77978,759,bdimanche1v,OsUNGage
1068,Karole,Teaze,7/19/1979,Female,Married,813-92-8075,Black or African American,617-891-4100,kteaze1w@edublogs.org,8 Eastwood Crossing,Cambridge,Massachusetts,United States,2109,Administrative Officer,61770,842,kteaze1w,RhUvdui
1069,Lita,Habbes,5/20/1968,Female,Married,279-35-0770,Tlingit-Haida,617-520-6289,lhabbes1x@admin.ch,43 Clarendon Lane,Boston,Massachusetts,United States,2283,Statistician IV,116317,692,lhabbes1x,UxE7EOpFuoy
1070,Tremain,Metterick,12/7/1975,Male,Married,746-08-4403,Ecuadorian,857-886-4305,tmetterick1y@mail.ru,909 Huxley Way,Worcester,Massachusetts,United States,2472,Civil Engineer,128733,800,tmetterick1y,9pL4K3gQ
1071,Decca,Dearsley,9/22/2005,Male,Married,210-74-9862,Chippewa,617-378-9772,ddearsley1z@histats.com,88 Randy Crossing,Boston,Massachusetts,United States,2119,Nuclear Power Engineer,71957,710,ddearsley1z,m79zoJmg
1072,Clement,Brealey,7/12/1986,Male,Married,145-04-2933,Mexican,617-919-4857,cbrealey20@amazonaws.com,8 Nova Hill,Boston,Massachusetts,United States,1905,Accounting Assistant IV,134498,730,cbrealey20,EeaH9mE
1073,Joela,Riggott,3/20/1979,Female,Single,652-94-0678,Guatemalan,508-897-0144,jriggott21@si.edu,64872 Lakeland Place,New Bedford,Massachusetts,United States,1605,Environmental Specialist,61669,572,jriggott21,eIRY7cPN8E1Z
1074,Gaylene,Harral,1/20/1988,Female,Single,321-66-9952,Peruvian,413-170-3559,gharral22@liveinternet.ru,2 Clove Park,Boston,Massachusetts,United States,1129,Chief Design Engineer,135643,612,gharral22,WSfd9Xf
1075,Van,Aubin,4/29/2004,Female,Married,865-04-7881,Dominican (Dominican Republic),978-284-1750,vaubin23@rambler.ru,015 Brentwood Plaza,Boston,Massachusetts,United States,2163,Research Nurse,69390,597,vaubin23,JhYGqkEOv
1076,Winnah,Cuss,4/26/2009,Female,Married,201-49-8604,Alaska Native,857-169-4885,wcuss24@usatoday.com,3116 Warbler Court,Boston,Massachusetts,United States,2472,VP Marketing,97694,559,wcuss24,dAKuN3CQmuA7
1077,Homerus,De'Vere - Hunt,5/17/1961,Male,Married,150-58-6515,Cuban,508-171-0383,hdeverehunt25@soup.io,602 Hanover Trail,Boston,Massachusetts,United States,2119,Media Manager IV,117391,675,hdeverehunt25,XrWNm8SzID
1078,Terry,Bestwick,4/4/1994,Male,Married,818-05-6497,Crow,413-555-5557,tbestwick26@bloglovin.com,59 Porter Hill,Boston,Massachusetts,United States,1114,Programmer Analyst I,116490,573,tbestwick26,iaIQtl
1079,Vin,Rosbottom,3/23/1986,Male,Married,603-03-3857,Filipino,617-928-6893,vrosbottom27@vistaprint.com,3 6th Court,Watertown,Massachusetts,United States,2124,Chief Design Engineer,111648,765,vrosbottom27,D0Wxl7
1080,Nicolette,Quilter,5/30/1983,Female,Married,656-04-2379,Apache,617-834-3849,nquilter28@paypal.com,4 Sachtjen Street,Boston,Massachusetts,United States,2453,VP Quality Control,149561,575,nquilter28,85XLSUdEYJ0N
1081,Andras,Zecchinii,4/4/1956,Male,Single,115-74-7170,Sri Lankan,617-828-7081,azecchinii29@adobe.com,81098 Bonner Junction,Brockton,Massachusetts,United States,2119,Electrical Engineer,126165,724,azecchinii29,ax7CP5sAq
1082,Pearce,Jerrems,12/2/1998,Male,Single,166-84-0149,Alaskan Athabascan,617-934-7903,pjerrems2a@amazon.com,68955 Annamark Court,Watertown,Massachusetts,United States,2298,Account Executive,101245,799,pjerrems2a,L5tmPxEjq
1083,Shane,Borris,9/2/1998,Male,Married,655-10-5005,Bangladeshi,508-976-8755,sborris2b@addthis.com,727 Hayes Street,Boston,Massachusetts,United States,1654,Programmer III,144573,756,sborris2b,KqO2vJvDj
1084,Hebert,Bryett,12/1/1985,Male,Married,726-34-8813,Thai,617-632-3643,hbryett2c@patch.com,9357 Sunfield Way,Boston,Massachusetts,United States,2208,Developer II,99079,728,hbryett2c,3VGnAQ4gce
1085,Tremaine,Libbie,8/6/2005,Male,Married,700-91-1263,Paraguayan,508-565-8317,tlibbie2d@multiply.com,210 Bluejay Junction,Brockton,Massachusetts,United States,2305,Senior Financial Analyst,104913,626,tlibbie2d,TAeQHM8jKY
1086,Mervin,Silcock,8/18/1981,Male,Married,719-63-9560,Costa Rican,781-920-1499,msilcock2e@google.co.uk,1499 Mayfield Hill,New Bedford,Massachusetts,United States,2453,Senior Financial Analyst,39168,659,msilcock2e,MuhAdMVdLj9J
1087,Annabel,Jakaway,5/10/2003,Female,Married,422-39-2460,Pueblo,781-338-5691,ajakaway2f@pcworld.com,32 Declaration Drive,Newton,Massachusetts,United States,2142,Pharmacist,92558,635,ajakaway2f,pJTdwxxPO5E
1088,Buiron,Checkley,7/8/2007,Male,Single,256-64-6156,Native Hawaiian,617-712-5660,bcheckley2g@vistaprint.com,30981 Glendale Junction,Boston,Massachusetts,United States,2109,Assistant Media Planner,36030,727,bcheckley2g,K3EPYTR
1089,Dorey,Corriea,1/17/1957,Male,Married,231-94-2296,Seminole,617-490-4688,dcorriea2h@scribd.com,1 Express Park,Worcester,Massachusetts,United States,2298,Quality Control Specialist,134032,621,dcorriea2h,h9FReT9qHC
1090,Cinnamon,Rate,1/3/1988,Female,Single,484-36-0281,Paraguayan,781-180-4019,crate2i@answers.com,066 Stephen Road,Worcester,Massachusetts,United States,2472,VP Quality Control,85806,745,crate2i,yTbhRMhVgK
1091,Barret,Abramov,9/2/1965,Male,Single,822-06-5047,Chippewa,508-868-6034,babramov2j@multiply.com,1334 Fairview Point,Worcester,Massachusetts,United States,2405,Sales Representative,101294,651,babramov2j,cz9sEszZB7PI
1092,Martie,Pinks,4/11/2009,Male,Married,137-63-4622,Polynesian,617-751-9663,mpinks2k@census.gov,615 Caliangt Hill,Boston,Massachusetts,United States,2298,Food Chemist,123139,686,mpinks2k,Ay1n51ruB
1093,Olag,Aland,12/24/1978,Male,Married,181-60-6622,Navajo,617-360-3074,oaland2l@hao123.com,6 Russell Lane,Boston,Massachusetts,United States,2109,Statistician II,116419,824,oaland2l,40nH4tbX
1094,Druci,Hawick,6/19/1953,Female,Married,341-24-0745,Potawatomi,413-815-9161,dhawick2m@freewebs.com,17 Buena Vista Street,Boston,Massachusetts,United States,1114,Technical Writer,43761,755,dhawick2m,GLqAWJdr1r
1095,Webb,Pigford,10/21/1952,Male,Married,782-53-3949,Cambodian,508-787-7977,wpigford2n@macromedia.com,6 Village Road,Worcester,Massachusetts,United States,2745,Director of Sales,56008,675,wpigford2n,SgsRRGWkVtqW
1096,Rutherford,Sammars,10/13/2003,Male,Single,531-76-9256,Panamanian,617-268-8093,rsammars2o@typepad.com,16516 East Circle,Springfield,Massachusetts,United States,2114,Recruiter,135561,766,rsammars2o,r1beuT
1097,Sosanna,Lafrentz,10/12/2000,Female,Married,843-55-5131,White,781-836-8909,slafrentz2p@amazonaws.com,87576 Orin Avenue,Springfield,Massachusetts,United States,2163,Marketing Manager,146851,579,slafrentz2p,ORneOBIA4eIA
1098,Nanon,McCafferty,3/5/1972,Female,Married,467-15-6114,Nicaraguan,339-534-1935,nmccafferty2q@google.pl,0 Lotheville Circle,Worcester,Massachusetts,United States,1813,Financial Analyst,100566,826,nmccafferty2q,1ETqDso3NIc
1099,Jerry,Dable,3/13/1950,Male,Single,557-65-0527,Aleut,617-820-5379,jdable2r@sun.com,8 Express Circle,Waltham,Massachusetts,United States,2208,Paralegal,69816,646,jdable2r,mi2r7XRP
1100,Tiffie,Keymar,5/13/1956,Female,Married,895-29-5777,Bolivian,617-616-0654,tkeymar2s@springer.com,5 Florence Place,Watertown,Massachusetts,United States,2203,Geologist III,99533,703,tkeymar2s,TC3mNv6H4tzQ
1101,Karlens,Toffalo,2/19/1970,Male,Single,245-72-4327,Sioux,508-265-8097,ktoffalo2t@multiply.com,3 Petterle Terrace,Watertown,Massachusetts,United States,1605,Assistant Professor,86204,808,ktoffalo2t,gZrbSE
1102,Chrissie,Flement,3/14/1969,Male,Single,210-53-1926,Dominican (Dominican Republic),617-973-0442,cflement2u@prweb.com,1624 Westridge Avenue,Newton,Massachusetts,United States,2142,Professor,106396,785,cflement2u,Gjuxm3
1103,Freddie,Heinke,6/1/1976,Male,Married,227-55-7719,Chickasaw,339-237-2554,fheinke2v@unesco.org,6 Anthes Park,Cambridge,Massachusetts,United States,1813,Safety Technician III,130474,609,fheinke2v,KOo2jVTio
1104,Igor,Hallmark,6/9/1971,Male,Single,239-97-0694,Tohono O'Odham,617-579-5167,ihallmark2w@weather.com,6217 Ilene Center,Boston,Massachusetts,United States,2109,Office Assistant II,77688,838,ihallmark2w,oFLou9nl8Gj
1105,Calley,Kembery,7/21/1965,Female,Married,514-29-3630,Filipino,413-198-9214,ckembery2x@mediafire.com,51 Ridge Oak Park,Newton,Massachusetts,United States,1129,Budget/Accounting Analyst III,123467,609,ckembery2x,FAIE7jIhgx
1106,Tuckie,Kubicka,4/2/1997,Male,Single,728-55-6862,Salvadoran,508-965-8682,tkubicka2y@tripod.com,11 Mendota Drive,Boston,Massachusetts,United States,2305,Nurse Practicioner,48724,768,tkubicka2y,NrUvCDi7i
1107,Romola,Keeton,8/27/1992,Female,Single,802-88-9067,Paiute,508-929-2604,rkeeton2z@devhub.com,01 Brentwood Alley,Boston,Massachusetts,United States,1654,Developer III,71843,767,rkeeton2z,OqXbDQPA4
1108,Drake,Winton,12/29/2005,Male,Single,398-22-0453,Black or African American,508-901-7163,dwinton30@lycos.com,8 Village Green Court,Worcester,Massachusetts,United States,2305,Business Systems Development Analyst,97145,749,dwinton30,6ZpBlr
